case,stem,mapping,pred_path,gt_path,shape,lumen_dice,lumen_iou,lumen_precision,lumen_recall,vessel_wall_dice,vessel_wall_iou,vessel_wall_precision,vessel_wall_recall
001,001_VL1,identity,sample_output/001/001_VL1_cropped_pred_like_gt_hwf.npy,sample_gt_cropped/001/001_VL1_label_hwf.npy,512x512x871,0.8253309598595358,0.7026072294889499,0.8098043981838258,0.8414645487148771,0.3604157338907813,0.21982141530673405,0.8434131726468227,0.2291744162625149
002,002_VL1,identity,sample_output/002/002_VL1_cropped_pred_like_gt_hwf.npy,sample_gt_cropped/002/002_VL1_label_hwf.npy,512x512x831,0.6493365742715328,0.4807537998752868,0.5078305385756866,0.9001662177573949,0.36770053185074747,0.22526536277540835,0.7529375440370903,0.24324523323686445
003,003_VL1,identity,sample_output/003/003_VL1_cropped_pred_like_gt_hwf.npy,sample_gt_cropped/003/003_VL1_label_hwf.npy,512x512x901,0.7387047341903428,0.5856715348219036,0.6584418321412175,0.8412518569540534,0.47149779253112034,0.30847046882051693,0.6395450543861374,0.3733865160713283
004,004_VL1,identity,sample_output/004/004_VL1_cropped_pred_like_gt_hwf.npy,sample_gt_cropped/004/004_VL1_label_hwf.npy,512x512x703,0.6896744812629364,0.526338281137704,0.5859046942221484,0.8381129638994986,0.33610608539933523,0.20199970830472136,0.6991566278251485,0.22122878082605169
005,005_VL1,identity,sample_output/005/005_VL1_cropped_pred_like_gt_hwf.npy,sample_gt_cropped/005/005_VL1_label_hwf.npy,512x512x531,0.7521585867004584,0.6027677705547544,0.6915727904325842,0.824378976845411,0.49053930376852695,0.32497653300493995,0.7139480508669964,0.3736246225123083
008,008_VL1,identity,sample_output/008/008_VL1_cropped_pred_like_gt_hwf.npy,sample_gt_cropped/008/008_VL1_label_hwf.npy,512x512x672,0.6698597182035236,0.5036008061486693,0.5591034290614707,0.8353368006430326,0.26883371787844157,0.15529052330489226,0.7490781797696463,0.16381173275798674
009,009_VL1,identity,sample_output/009/009_VL1_cropped_pred_like_gt_hwf.npy,sample_gt_cropped/009/009_VL1_label_hwf.npy,512x512x495,0.7756464620455074,0.6335151065446074,0.7613547149685801,0.7904850279135931,0.3620354211184911,0.22102762525286626,0.8572758104746535,0.22947171287021173
010,010_VL1,identity,sample_output/010/010_VL1_cropped_pred_like_gt_hwf.npy,sample_gt_cropped/010/010_VL1_label_hwf.npy,512x512x600,0.6999124826920721,0.5383579746549452,0.60680600851667,0.8267694859369275,0.34433346074150234,0.20797271224416636,0.9025601587931787,0.2127494928835207
011,011_VL1,identity,sample_output/011/011_VL1_cropped_pred_like_gt_hwf.npy,sample_gt_cropped/011/011_VL1_label_hwf.npy,512x512x430,0.48412108266038734,0.3193665913040246,0.35029722256994456,0.7834047972509627,0.3399515104775874,0.20478408469585715,0.8208249096003088,0.21436662088774922
012,012_VL1,identity,sample_output/012/012_VL1_cropped_pred_like_gt_hwf.npy,sample_gt_cropped/012/012_VL1_label_hwf.npy,512x512x220,0.6596297954751891,0.4921250810025589,0.6200694526035613,0.7045820286785411,0.3429486705065182,0.2069632149604858,0.6600542289659268,0.23165578772178658
013,013_VL1,identity,sample_output/013/013_VL1_cropped_pred_like_gt_hwf.npy,sample_gt_cropped/013/013_VL1_label_hwf.npy,512x512x421,0.5561040722790562,0.3851413814545589,0.39702252144518774,0.9279017413223272,0.35537213656765654,0.21608057632320163,0.774644275039291,0.23057476049858916
014,014_VL1,identity,sample_output/014/014_VL1_cropped_pred_like_gt_hwf.npy,sample_gt_cropped/014/014_VL1_label_hwf.npy,512x512x350,0.7978377496197038,0.663668942663366,0.7187398492344925,0.8964980875736337,0.43981852001081817,0.2819021541095769,0.9153846374760388,0.2894445508333994
015,015_VL1,identity,sample_output/015/015_VL1_cropped_pred_like_gt_hwf.npy,sample_gt_cropped/015/015_VL1_label_hwf.npy,512x512x501,0.7553233286413212,0.6068430027027152,0.7221155339824143,0.7917325900951607,0.3787064443201271,0.2335828961963156,0.8585757411331565,0.2429297855988082
016,016_VL1,identity,sample_output/016/016_VL1_cropped_pred_like_gt_hwf.npy,sample_gt_cropped/016/016_VL1_label_hwf.npy,512x512x581,0.7056400332469399,0.5451652178466695,0.621077580269746,0.816858988864071,0.4691390965067572,0.3064544240670315,0.8624062903333948,0.3222083710236165
017,017_VL1,identity,sample_output/017/017_VL1_cropped_pred_like_gt_hwf.npy,sample_gt_cropped/017/017_VL1_label_hwf.npy,512x512x350,0.825143660617776,0.702335794563327,0.7626946646721042,0.8987312533982285,0.41314111394663405,0.2603515142888012,0.8296922797810671,0.27505058815565425
018,018_VL1,identity,sample_output/018/018_VL1_cropped_pred_like_gt_hwf.npy,sample_gt_cropped/018/018_VL1_label_hwf.npy,512x512x700,0.8254335018005072,0.7027558704133178,0.807462870890738,0.8442222372056492,0.37744149958160894,0.23262119639093584,0.8692759573087421,0.2410537875931266
019,019_VL1,identity,sample_output/019/019_VL1_cropped_pred_like_gt_hwf.npy,sample_gt_cropped/019/019_VL1_label_hwf.npy,512x512x600,0.7135576730699745,0.5546752140632789,0.6878646361801996,0.7412445500620032,0.4685095258962039,0.3059173620850422,0.6975093455039468,0.3527107826621785
020,020_VL1,identity,sample_output/020/020_VL1_cropped_pred_like_gt_hwf.npy,sample_gt_cropped/020/020_VL1_label_hwf.npy,512x512x570,0.83570888521744,0.7177834431670596,0.8511861272975366,0.8207844414460522,0.3098961236589961,0.183359217144633,0.6027002225994887,0.20856902442503372
021,021_VL1,identity,sample_output/021/021_VL1_cropped_pred_like_gt_hwf.npy,sample_gt_cropped/021/021_VL1_label_hwf.npy,512x512x330,0.8886027202978342,0.7995365262509582,0.8478473986778678,0.9334740437658221,0.4485068138174273,0.2890807499586718,0.9127505881213676,0.29729595796402775
023,023_VL1,identity,sample_output/023/023_VL1_cropped_pred_like_gt_hwf.npy,sample_gt_cropped/023/023_VL1_label_hwf.npy,512x512x401,0.8212110493520901,0.6966565549335354,0.7940015602464956,0.8503515868481196,0.4820499262726918,0.3175663907634485,0.6866135430687601,0.37139866540602323
024,024_VL1,identity,sample_output/024/024_VL1_cropped_pred_like_gt_hwf.npy,sample_gt_cropped/024/024_VL1_label_hwf.npy,512x512x301,0.8204114509035103,0.6955064556466809,0.826353586037071,0.8145541629439705,0.5403002017292525,0.37014473960284594,0.7204523366704109,0.4322214191794758
025,025_VL1,identity,sample_output/025/025_VL1_cropped_pred_like_gt_hwf.npy,sample_gt_cropped/025/025_VL1_label_hwf.npy,512x512x401,0.6955177520053922,0.5331753291964055,0.6238999702837231,0.7857097581542043,0.36785613489833424,0.2253821754097765,0.845587900946147,0.23505635464893682
026,026_VL1,identity,sample_output/026/026_VL1_cropped_pred_like_gt_hwf.npy,sample_gt_cropped/026/026_VL1_label_hwf.npy,512x512x400,0.7847517434140918,0.6457542639219711,0.771531476751589,0.7984329697678199,0.4349769287806127,0.27793643223527725,0.8187592636053754,0.2961572309504039
027,027_VL1,identity,sample_output/027/027_VL1_cropped_pred_like_gt_hwf.npy,sample_gt_cropped/027/027_VL1_label_hwf.npy,512x512x381,0.7427333863111047,0.5907524929273996,0.6728347627550638,0.8288387596616421,0.440999337728127,0.2828730919751344,0.8703011549261238,0.2953226802175926
028,028_VL1,identity,sample_output/028/028_VL1_cropped_pred_like_gt_hwf.npy,sample_gt_cropped/028/028_VL1_label_hwf.npy,512x512x371,0.8601393159950349,0.7546003893852068,0.8245976374724967,0.8988828229756725,0.2593705748868277,0.1490096462490653,0.7692683919090041,0.15598096921151425
030,030_VL1,identity,sample_output/030/030_VL1_cropped_pred_like_gt_hwf.npy,sample_gt_cropped/030/030_VL1_label_hwf.npy,512x512x340,0.6711339035769619,0.5050425361768803,0.6254538144061683,0.7240122166610744,0.4850969500980262,0.3202164984283422,0.8520890445943813,0.339063400696178
031,031_VL1,identity,sample_output/031/031_VL1_cropped_pred_like_gt_hwf.npy,sample_gt_cropped/031/031_VL1_label_hwf.npy,512x512x601,0.8018360214537699,0.6692206040334001,0.7729638974840546,0.8329487280295407,0.43737283955947603,0.27989583864405326,0.8185186667106927,0.29841496128575123
032,032_VL1,identity,sample_output/032/032_VL1_cropped_pred_like_gt_hwf.npy,sample_gt_cropped/032/032_VL1_label_hwf.npy,512x512x401,0.46277024735652716,0.30104169305904444,0.3751288509845819,0.6038471188059773,0.22338013018999614,0.12573321619659977,0.31658869888461344,0.17257222136029352
033,033_VL1,identity,sample_output/033/033_VL1_cropped_pred_like_gt_hwf.npy,sample_gt_cropped/033/033_VL1_label_hwf.npy,512x512x551,0.7614008328023736,0.6147273895921223,0.6875420249258298,0.8530379450202794,0.4033036975649005,0.25258635405482405,0.8517213303086543,0.26420434397406006
034,034_VL1,identity,sample_output/034/034_VL1_cropped_pred_like_gt_hwf.npy,sample_gt_cropped/034/034_VL1_label_hwf.npy,512x512x351,0.6656728505729942,0.4988827896208595,0.6634826259255112,0.6678775834289403,0.40254132933630365,0.2519885720542991,0.7690819966576535,0.272614574473581
035,035_VL1,identity,sample_output/035/035_VL1_cropped_pred_like_gt_hwf.npy,sample_gt_cropped/035/035_VL1_label_hwf.npy,512x512x401,0.7231917254334147,0.5664058886827807,0.578791575889615,0.9635947052525615,0.49662569556466396,0.33034068368701797,0.8679036518807673,0.34782896384782425
038,038_VL1,identity,sample_output/038/038_VL1_cropped_pred_like_gt_hwf.npy,sample_gt_cropped/038/038_VL1_label_hwf.npy,512x512x451,0.7420752935149931,0.5899202787649818,0.7087255210756601,0.7787186616275523,0.23735868543316083,0.13466079767425093,0.7906285925247978,0.139640429274322
039,039_VL1,identity,sample_output/039/039_VL1_cropped_pred_like_gt_hwf.npy,sample_gt_cropped/039/039_VL1_label_hwf.npy,512x512x451,0.6698033796110742,0.5035371232677133,0.5611175423461073,0.8307075344224135,0.36390895562855236,0.2224258588056502,0.6033242282642418,0.260525452501737
040,040_VL1,identity,sample_output/040/040_VL1_cropped_pred_like_gt_hwf.npy,sample_gt_cropped/040/040_VL1_label_hwf.npy,512x512x401,0.857923655260525,0.751196414506099,0.8158520674297779,0.9045702318620343,0.37254449244560384,0.22891224412360892,0.8118767115244759,0.24173436588039843
041,041_VL1,identity,sample_output/041/041_VL1_cropped_pred_like_gt_hwf.npy,sample_gt_cropped/041/041_VL1_label_hwf.npy,512x512x621,0.5538580431752798,0.3829900934424034,0.3852106576897721,0.9851717648460914,0.40199269243138375,0.25155873225825204,0.5526180117086308,0.3158912322729037
042,042_VL1,identity,sample_output/042/042_VL1_cropped_pred_like_gt_hwf.npy,sample_gt_cropped/042/042_VL1_label_hwf.npy,512x512x351,0.7941160870464229,0.6585344397715619,0.7412224025144545,0.8551388581333375,0.3346104928021948,0.20092026000885074,0.872629772271879,0.2069905890294069
044,044_VL1,identity,sample_output/044/044_VL1_cropped_pred_like_gt_hwf.npy,sample_gt_cropped/044/044_VL1_label_hwf.npy,512x512x401,0.6556471935725567,0.48770470849457254,0.5458257511790076,0.8207926268826006,0.4773145422068741,0.3134689044043676,0.8989689008671573,0.3249154717516984
044,044_VL2,identity,sample_output/044/044_VL2_cropped_pred_like_gt_hwf.npy,sample_gt_cropped/044/044_VL2_label_hwf.npy,512x512x401,0.8569157427024027,0.7496523001097618,0.8219226017800679,0.8950210301957291,0.3390161432014474,0.204105621986526,0.9017280861227222,0.20874899067960642
045,045_VL1,identity,sample_output/045/045_VL1_cropped_pred_like_gt_hwf.npy,sample_gt_cropped/045/045_VL1_label_hwf.npy,512x512x351,0.661174092365698,0.4938462040475367,0.6239048498347144,0.7031788007345544,0.27276562893710793,0.15792044988617004,0.746288315460472,0.16687978826550037
046,046_VL1,identity,sample_output/046/046_VL1_cropped_pred_like_gt_hwf.npy,sample_gt_cropped/046/046_VL1_label_hwf.npy,512x512x351,0.8434530737499571,0.7292856473059395,0.7796854490091082,0.9185804099751399,0.3286094420624848,0.196608411183073,0.8589638390996858,0.20316700708057708
047,047_VL1,identity,sample_output/047/047_VL1_cropped_pred_like_gt_hwf.npy,sample_gt_cropped/047/047_VL1_label_hwf.npy,512x512x501,0.8105741143832099,0.6814834990436395,0.7627771782699656,0.8647615686313952,0.21704121311927077,0.12173091981502414,0.8615831053130905,0.12415904568994024
048,048_VL1,identity,sample_output/048/048_VL1_cropped_pred_like_gt_hwf.npy,sample_gt_cropped/048/048_VL1_label_hwf.npy,512x512x401,0.8263669119688234,0.7041101008451387,0.7681214618541806,0.8941704606892888,0.3827483621783425,0.23666592954815738,0.857494997778456,0.24635531404576883
049,049_VL1,identity,sample_output/049/049_VL1_cropped_pred_like_gt_hwf.npy,sample_gt_cropped/049/049_VL1_label_hwf.npy,512x512x299,0.7564359392455291,0.608280637176503,0.7076952231985155,0.8123870389381299,0.32480488825099946,0.1938907808248583,0.28861115502516843,0.3713781453265275
050,050_VL1,identity,sample_output/050/050_VL1_cropped_pred_like_gt_hwf.npy,sample_gt_cropped/050/050_VL1_label_hwf.npy,512x512x300,0.7087322310422509,0.5488654236404479,0.6788442411249216,0.7413732322438883,0.3721357078935864,0.22860364325090796,0.7555086770274368,0.24686652673085197
051,051_VL1,identity,sample_output/051/051_VL1_cropped_pred_like_gt_hwf.npy,sample_gt_cropped/051/051_VL1_label_hwf.npy,512x512x401,0.602596168648611,0.4312255019838164,0.5112119527465419,0.7337637251122384,0.24203571146763755,0.1376795382286754,0.6739605463137741,0.14750400277204184
052,052_VL1,identity,sample_output/052/052_VL1_cropped_pred_like_gt_hwf.npy,sample_gt_cropped/052/052_VL1_label_hwf.npy,512x512x360,0.6963656145981914,0.5341724814841825,0.6334100328699563,0.7732168027602371,0.3561858868975002,0.21668258232997067,0.8576937351621438,0.22476313114272745
055,055_VL1,identity,sample_output/055/055_VL1_cropped_pred_like_gt_hwf.npy,sample_gt_cropped/055/055_VL1_label_hwf.npy,512x512x451,0.746219283072345,0.595175275067979,0.7259639909389476,0.767637312352397,0.3998515901276325,0.2498840655408493,0.7727361207577043,0.2697051299308684
056,056_VL1,identity,sample_output/056/056_VL1_cropped_pred_like_gt_hwf.npy,sample_gt_cropped/056/056_VL1_label_hwf.npy,512x512x401,0.7716809380036562,0.628241441396725,0.7236046155651368,0.8266002981142611,0.520885847912777,0.35216068156588126,0.8632478689692837,0.3729677418102004
057,057_VL1,identity,sample_output/057/057_VL1_cropped_pred_like_gt_hwf.npy,sample_gt_cropped/057/057_VL1_label_hwf.npy,512x512x400,0.7769820542620974,0.6352989806648411,0.7355920790276885,0.8233075663971987,0.23857606492233263,0.13544500002028925,0.7617285595058012,0.1414373740569023
058,058_VL1,identity,sample_output/058/058_VL1_cropped_pred_like_gt_hwf.npy,sample_gt_cropped/058/058_VL1_label_hwf.npy,512x512x351,0.5667563530782757,0.39543615232171936,0.4942370417745494,0.6642167571176348,0.3622980821547542,0.22122345843707403,0.7726938675145724,0.23662239426498582
059,059_VL1,identity,sample_output/059/059_VL1_cropped_pred_like_gt_hwf.npy,sample_gt_cropped/059/059_VL1_label_hwf.npy,512x512x351,0.5498696514107438,0.37918636207129836,0.3896650180065786,0.9337776016958048,0.3057607851505748,0.18047084642516031,0.7927907612409457,0.18940490534839682
059,059_VL2,identity,sample_output/059/059_VL2_cropped_pred_like_gt_hwf.npy,sample_gt_cropped/059/059_VL2_label_hwf.npy,512x512x400,0.8203280972696152,0.6953866540102736,0.7443180467268371,0.9136281632439144,0.30910707205726884,0.18280700507355718,0.8918356486269516,0.18695198309630157
060,060_VL1,identity,sample_output/060/060_VL1_cropped_pred_like_gt_hwf.npy,sample_gt_cropped/060/060_VL1_label_hwf.npy,512x512x400,0.740302905621044,0.5876832684019336,0.7034281123439511,0.7812576437137502,0.22450316009034332,0.12644526030345782,0.8304107841810247,0.12979701725473777
061,061_VL1,identity,sample_output/061/061_VL1_cropped_pred_like_gt_hwf.npy,sample_gt_cropped/061/061_VL1_label_hwf.npy,512x512x350,0.8228234519164906,0.6989804997866125,0.7722054570226599,0.8805429599089911,0.16917232520016418,0.09240210180822166,0.8766302841505736,0.09361952161220552
062,062_VL1,identity,sample_output/062/062_VL1_cropped_pred_like_gt_hwf.npy,sample_gt_cropped/062/062_VL1_label_hwf.npy,512x512x230,0.5544994654980626,0.38360377755869957,0.39633291652537145,0.9227431758348345,0.34885148596713067,0.2112780788658882,0.5990950491436,0.24606817010049833
062,062_VL2,identity,sample_output/062/062_VL2_cropped_pred_like_gt_hwf.npy,sample_gt_cropped/062/062_VL2_label_hwf.npy,512x512x351,0.7125482786703563,0.5534563097515273,0.663002237685427,0.7700975322415585,0.38604711599455743,0.23919354760622344,0.8718450145887148,0.24790999916696826
063,063_VL1,identity,sample_output/063/063_VL1_cropped_pred_like_gt_hwf.npy,sample_gt_cropped/063/063_VL1_label_hwf.npy,512x512x351,0.8698332373980839,0.7696503438090131,0.8318744429181606,0.9114218131556621,0.1851971644040616,0.10204809071903792,0.793009328107466,0.10484068082195105
064,064_VL1,identity,sample_output/064/064_VL1_cropped_pred_like_gt_hwf.npy,sample_gt_cropped/064/064_VL1_label_hwf.npy,512x512x400,0.6793719461728911,0.5144309513977898,0.562477018100566,0.8575997891663165,0.39581116739573263,0.24673601969486725,0.5351607318053214,0.31403908166989436
065,065_VL1,identity,sample_output/065/065_VL1_cropped_pred_like_gt_hwf.npy,sample_gt_cropped/065/065_VL1_label_hwf.npy,512x512x351,0.8312766736008239,0.7112690016737993,0.7469650105909976,0.9370428619531385,0.411606779022277,0.2591340567223749,0.9324832376589293,0.264089077826606
066,066_VL1,identity,sample_output/066/066_VL1_cropped_pred_like_gt_hwf.npy,sample_gt_cropped/066/066_VL1_label_hwf.npy,512x512x351,0.7633816398295843,0.6173138491364338,0.6849968747285744,0.8620237367656369,0.36826921448682415,0.2256923861193219,0.8149953177024086,0.2378795195870844
067,067_VL1,identity,sample_output/067/067_VL1_cropped_pred_like_gt_hwf.npy,sample_gt_cropped/067/067_VL1_label_hwf.npy,512x512x351,0.7673838551963001,0.6225651500926185,0.6719702866545755,0.8943771409657216,0.44186660053350574,0.28358714387664186,0.9063478947067739,0.29214789587459494
068,068_VL1,identity,sample_output/068/068_VL1_cropped_pred_like_gt_hwf.npy,sample_gt_cropped/068/068_VL1_label_hwf.npy,512x512x401,0.812740794625485,0.6845521103953959,0.7533003787771183,0.8823652914844159,0.2882373322925366,0.16838627090668373,0.7784277629771813,0.17686325397505712
069,069_VL1,identity,sample_output/069/069_VL1_cropped_pred_like_gt_hwf.npy,sample_gt_cropped/069/069_VL1_label_hwf.npy,512x512x351,0.7146618038861482,0.5560107106805728,0.6529425038972417,0.7892671745364872,0.2662580529909371,0.15357421180831893,0.5657709879535129,0.174094395725725
070,070_VL1,identity,sample_output/070/070_VL1_cropped_pred_like_gt_hwf.npy,sample_gt_cropped/070/070_VL1_label_hwf.npy,512x512x351,0.7745933397574554,0.6321112532586857,0.736179012086787,0.8172373471563955,0.3695995197198484,0.22669247475708554,0.693446413110102,0.2519405756424838
071,071_VL1,identity,sample_output/071/071_VL1_cropped_pred_like_gt_hwf.npy,sample_gt_cropped/071/071_VL1_label_hwf.npy,512x512x301,0.8074136616846788,0.6770274283246045,0.7213296526373089,0.916828666193235,0.34616512470244654,0.20931057258069097,0.8552431904798735,0.21699827978605496
072,072_VL1,identity,sample_output/072/072_VL1_cropped_pred_like_gt_hwf.npy,sample_gt_cropped/072/072_VL1_label_hwf.npy,512x512x251,0.7894773472133761,0.6521789124689231,0.7233986908737675,0.8688414310289403,0.490329716838995,0.3247925870358421,0.7757226514529838,0.3584528142144634
073,073_VL1,identity,sample_output/073/073_VL1_cropped_pred_like_gt_hwf.npy,sample_gt_cropped/073/073_VL1_label_hwf.npy,512x512x351,0.759585363409875,0.6123640764978073,0.7430875421121653,0.7768323780962997,0.31310886746550115,0.1856129666145469,0.6132613699122882,0.21021968113715447
074,074_VL1,identity,sample_output/074/074_VL1_cropped_pred_like_gt_hwf.npy,sample_gt_cropped/074/074_VL1_label_hwf.npy,512x512x300,0.8167332126429734,0.6902358972377214,0.7474461223191933,0.9001783415949794,0.32705903380136775,0.1954994470274304,0.9467932261393734,0.19767115091531662
075,075_VL1,identity,sample_output/075/075_VL1_cropped_pred_like_gt_hwf.npy,sample_gt_cropped/075/075_VL1_label_hwf.npy,512x512x350,0.7076539085001016,0.5475730635582282,0.669349271311093,0.7506087563108131,0.29359227057025933,0.17205282507034475,0.7876368991049056,0.1804224377166497
076,076_VL1,identity,sample_output/076/076_VL1_cropped_pred_like_gt_hwf.npy,sample_gt_cropped/076/076_VL1_label_hwf.npy,512x512x351,0.7816987191725064,0.6416300561069441,0.7286757819046564,0.8430437759987273,0.490362607385584,0.3248214503592586,0.6542861859084371,0.39212130439610854
077,077_VL1,identity,sample_output/077/077_VL1_cropped_pred_like_gt_hwf.npy,sample_gt_cropped/077/077_VL1_label_hwf.npy,512x512x501,0.7546882329534073,0.6060235299496459,0.6450821436412013,0.9091646566799854,0.39124504485005696,0.24319741399869765,0.9019806151173939,0.24979925187123223
078,078_VL1,identity,sample_output/078/078_VL1_cropped_pred_like_gt_hwf.npy,sample_gt_cropped/078/078_VL1_label_hwf.npy,512x512x331,0.7763335631975263,0.6344323418938747,0.7335943777793136,0.8243607973715704,0.3969347015067194,0.24760981469675494,0.8567518569758892,0.2583036205466241
079,079_VL1,identity,sample_output/079/079_VL1_cropped_pred_like_gt_hwf.npy,sample_gt_cropped/079/079_VL1_label_hwf.npy,512x512x450,0.5734594253734671,0.40199307021014685,0.5097191879726274,0.655419436863225,0.33543876885114576,0.20151783098999076,0.7319758517601703,0.2175722324486908
080,080_VL1,identity,sample_output/080/080_VL1_cropped_pred_like_gt_hwf.npy,sample_gt_cropped/080/080_VL1_label_hwf.npy,512x512x501,0.8244090110276964,0.7012719719367626,0.7606944595624252,0.899772518284258,0.217929933035037,0.12229032801510024,0.9344287622652477,0.12334883651802976
081,081_VL1,identity,sample_output/081/081_VL1_cropped_pred_like_gt_hwf.npy,sample_gt_cropped/081/081_VL1_label_hwf.npy,512x512x401,0.9104342879626844,0.8355937396931447,0.8882135184855897,0.933795396309174,0.4786546918509487,0.3146259361941341,0.6666730221608606,0.3733583697381094
082,082_VL1,identity,sample_output/082/082_VL1_cropped_pred_like_gt_hwf.npy,sample_gt_cropped/082/082_VL1_label_hwf.npy,512x512x125,0.7645478165506427,0.618840475408802,0.7861652567401678,0.7440874046612383,0.21628771032965768,0.12125706123246537,0.2679775458102606,0.181314244728412
083,083_VL1,identity,sample_output/083/083_VL1_cropped_pred_like_gt_hwf.npy,sample_gt_cropped/083/083_VL1_label_hwf.npy,512x512x370,0.7077601463956285,0.5477002929614909,0.6005504619882168,0.8615660861829402,0.3271821020471565,0.19558739923069599,0.9027684596293323,0.1997962051089525
084,084_VL1,identity,sample_output/084/084_VL1_cropped_pred_like_gt_hwf.npy,sample_gt_cropped/084/084_VL1_label_hwf.npy,512x512x401,0.7284555295626547,0.5728903286505612,0.6512798705444368,0.8263803216661789,0.2368863731086276,0.13435683866064432,0.8230667590630399,0.13835280778823333
085,085_VL1,identity,sample_output/085/085_VL1_cropped_pred_like_gt_hwf.npy,sample_gt_cropped/085/085_VL1_label_hwf.npy,512x512x401,0.7440431170327658,0.5924113535449901,0.6987028848396433,0.7956761382214005,0.3842116956410168,0.2377859120557514,0.5805891696377772,0.2871026075120228
086,086_VL1,identity,sample_output/086/086_VL1_cropped_pred_like_gt_hwf.npy,sample_gt_cropped/086/086_VL1_label_hwf.npy,512x512x301,0.634200219247158,0.46434347712193996,0.5365384022149552,0.7753267861796536,0.24947424952048994,0.14251389872565604,0.7256066268259239,0.1506318493884092
087,087_VL1,identity,sample_output/087/087_VL1_cropped_pred_like_gt_hwf.npy,sample_gt_cropped/087/087_VL1_label_hwf.npy,512x512x351,0.7248176697923274,0.5684031629220314,0.6383038181235063,0.8384601283064831,0.3860306346773389,0.23918089337474166,0.7021350665464345,0.2661904648070581
088,088_VL1,identity,sample_output/088/088_VL1_cropped_pred_like_gt_hwf.npy,sample_gt_cropped/088/088_VL1_label_hwf.npy,512x512x391,0.8165218161160378,0.689933982083523,0.7114992703263924,0.9579175141731943,0.293443729366053,0.17195080784359096,0.977478083920314,0.1726347679843445
089,089_VL1,identity,sample_output/089/089_VL1_cropped_pred_like_gt_hwf.npy,sample_gt_cropped/089/089_VL1_label_hwf.npy,512x512x401,0.8777328676994749,0.7821068998966568,0.8409605036517249,0.9178681432130074,0.3361157998623209,0.2020067260897776,0.3267281558758408,0.3460588589711387
090,090_VL1,identity,sample_output/090/090_VL1_cropped_pred_like_gt_hwf.npy,sample_gt_cropped/090/090_VL1_label_hwf.npy,512x512x200,0.7734128067917213,0.6305404222986968,0.6604002801130082,0.9330899915895711,0.4165826887094367,0.2630909020250014,0.8663093457239869,0.2742246228407408
091,091_VL1,identity,sample_output/091/091_VL1_cropped_pred_like_gt_hwf.npy,sample_gt_cropped/091/091_VL1_label_hwf.npy,512x512x401,0.7591206677323294,0.6117602638647054,0.7480699446920277,0.7705027755618632,0.2703471213856301,0.15630137395094326,0.7337437769214505,0.165699455591994
092,092_VL1,identity,sample_output/092/092_VL1_cropped_pred_like_gt_hwf.npy,sample_gt_cropped/092/092_VL1_label_hwf.npy,512x512x351,0.6498584907123321,0.4813262063583219,0.6174404900696017,0.6858692652557776,0.3591903023672469,0.21891039703474566,0.6239189503968218,0.252187297689807
093,093_VL1,identity,sample_output/093/093_VL1_cropped_pred_like_gt_hwf.npy,sample_gt_cropped/093/093_VL1_label_hwf.npy,512x512x301,0.8017790561280502,0.6691412466361746,0.7294872895768861,0.8899750683047083,0.33290486105081385,0.19969157924643252,0.900372592920198,0.20420369155822693
094,094_VL1,identity,sample_output/094/094_VL1_cropped_pred_like_gt_hwf.npy,sample_gt_cropped/094/094_VL1_label_hwf.npy,512x512x350,0.7510956421245994,0.6014036522399052,0.6991817124109405,0.8113370559811705,0.4594720465869603,0.29825622155638265,0.7973388969958369,0.32272117689997665
095,095_VL1,identity,sample_output/095/095_VL1_cropped_pred_like_gt_hwf.npy,sample_gt_cropped/095/095_VL1_label_hwf.npy,512x512x301,0.6206687131598668,0.4499779850435621,0.5936099495641518,0.6503121565001921,0.32349712519123036,0.19295948134185578,0.7741452185653712,0.2044702157050987
096,096_VL1,identity,sample_output/096/096_VL1_cropped_pred_like_gt_hwf.npy,sample_gt_cropped/096/096_VL1_label_hwf.npy,512x512x301,0.8314932804486047,0.7115862207175203,0.7885129968517167,0.8794292279492374,0.2888508846777289,0.1688052093714392,0.6720264611610034,0.1839604463487949
097,097_VL1,identity,sample_output/097/097_VL1_cropped_pred_like_gt_hwf.npy,sample_gt_cropped/097/097_VL1_label_hwf.npy,512x512x350,0.7427836405563314,0.59081607948931,0.6661530714277486,0.8393362452376489,0.3887043300188466,0.2412371219388885,0.42068486209802475,0.3612426078386507
098,098_VL1,identity,sample_output/098/098_VL1_cropped_pred_like_gt_hwf.npy,sample_gt_cropped/098/098_VL1_label_hwf.npy,512x512x451,0.8124196114428437,0.6840965203457832,0.7323872005581828,0.912089148913842,0.37376269399597895,0.22983281260124702,0.8708373510684639,0.23794404349883683
099,099_VL1,identity,sample_output/099/099_VL1_cropped_pred_like_gt_hwf.npy,sample_gt_cropped/099/099_VL1_label_hwf.npy,512x512x351,0.7606544895843307,0.6137549885739382,0.7247516510495322,0.8002998440135825,0.29654046176624044,0.17408130637121552,0.6656893205631857,0.19075815180564962
100,100_VL1,identity,sample_output/100/100_VL1_cropped_pred_like_gt_hwf.npy,sample_gt_cropped/100/100_VL1_label_hwf.npy,512x512x351,0.8240981659155205,0.7008222472559861,0.7274379843504215,0.950382695892822,0.36366859597453133,0.22224629746754587,0.92443188396332,0.2263586979434862
